SentenceNo,SequenceNo,Date,Time,Speaker,Text
0,1,2/12/15,8:33:07 PM,MESSAGE,You created group “Just for Fun”
1,2,2/12/15,8:33:30 PM,GRT,What is sagnar phone no?
2,3,2/12/15,8:33:56 PM,GRT,You are also an admin bangThai.
3,4,2/12/15,8:36:14 PM,MESSAGE,You added SKM
4,5,2/12/15,8:36:14 PM,MESSAGE,You added YGR
5,6,2/12/15,8:36:39 PM,MESSAGE,You added NATE
6,7,2/12/15,8:37:03 PM,MESSAGE,You added BBT
7,8,2/12/15,8:37:54 PM,MESSAGE,You added JAR
8,9,2/12/15,8:37:47 PM,SKM,Why this new group
9,10,2/12/15,8:38:32 PM,GRT,Dei. That group is hanging. We don't have an admin. So can't add new folks and admin can't get back to it
10,11,2/12/15,8:39:31 PM,GRT,Trying to get SAGNAR back. And will add multiple admins
11,12,2/12/15,8:40:39 PM,GRT,"More importantly if someone accidentally gets out of the group, we have no way to add them back"
12,13,2/12/15,8:41:17 PM,MESSAGE,You added PGH
13,14,2/12/15,8:53:09 PM,bangThai,sagnar number GRT
14,15,2/12/15,8:54:45 PM,MESSAGE,bangThai added CT
15,16,2/12/15,8:55:52 PM,MESSAGE,bangThai added sagnaramy
16,17,2/12/15,8:56:06 PM,MESSAGE,bangThai added AMAR
17,18,2/12/15,8:58:36 PM,bangThai,"GRT, i hv added ppl in my contact list, u add rest if u hv any in ur list.."
18,19,2/12/15,8:59:02 PM,bangThai,Guys do share other ppl numbers who are not in d grp n v can add them.
19,20,2/12/15,9:01:00 PM,GRT,Cool. There are 4 admins as of now.
20,21,2/12/15,9:01:01 PM,bangThai,All the 25 ppl in dat grp has already been added here..
21,22,2/12/15,9:01:27 PM,GRT,bangThai and BBT are the admins
22,23,2/12/15,9:01:28 PM,bangThai,"Great, GRT good job.."
23,24,2/12/15,9:01:54 PM,GRT,Once sagnar comes back. I am happy to relinquish my admin rights to him
24,25,2/12/15,9:02:05 PM,bangThai,sagnar this grp is especially for u 😉.. welcome to the grp
25,26,2/12/15,9:04:04 PM,SKM,Enna ethukuda admina potinga.
26,26,2/12/15,9:04:04 PM,SKM,b'Also add a lady admin'
27,27,2/12/15,9:04:28 PM,bangThai,Good suggestion SKM
28,28,2/12/15,9:23:32 PM,PGH,Super sagnar
29,29,2/12/15,9:25:29 PM,GRT,CT and bhu are also admins
30,30,2/12/15,9:26:28 PM,bangThai,👌 GRT
31,31,2/12/15,9:27:07 PM,bangThai,From now onwards v follow this grp n ignore d other..
32,32,2/12/15,9:29:30 PM,BR,What is this gro
33,33,2/12/15,9:29:35 PM,BR,How did u add
34,34,2/12/15,9:29:54 PM,SKM,Hello bhu admin.
35,35,2/12/15,9:30:28 PM,BR,Kindalu
36,36,2/12/15,9:30:45 PM,BR,With great power comes great responsibility
37,37,2/12/15,9:30:59 PM,BR,Chae ...enakku thaan evvslavu vaelai
38,38,2/12/15,9:31:34 PM,SKM,Evalavu vatti sagnarva add pannuvinga
39,39,2/12/15,9:32:11 PM,AR,Very good
40,40,2/12/15,9:32:25 PM,AR,Who is the admin now here
41,41,2/12/15,9:32:50 PM,AR,Better we can quit from the old group
42,42,2/12/15,9:33:09 PM,bangThai,"Bhu, sagnar number which u added is again d same old mumbai number"
